Cost Centre,Search Entity,Invoice No.,Billing Address,Address,Project Location,Contract Number,Terms
WAB-PSD,Wabtec Control Systems,,Wabtec Control Systems,"19-21 Southern Ct, KEYSBOROUGH 3173, Australia",PSD,2023 - 001,30 Days EOM
HBM-HBM,John Holland Pty Ltd,,John Holland Pty Ltd,"Level 9, 180 Flinders Street, Melbourne, VIC 3000",HBM,7121-HBM-149,15 Days EOM
WGT-NOR,CPBJH JV (West Gate Tunnel),,CPBJH JV,"Level 12 Reception, 5 Bowen Cresent, Melbourne, VIC 3004",NOR,V81103-0713.2,45 Days EOM
CYP-DOM,CYP Design & Construction JV - Domain,,CYP Design & Construction JV,"Level 10, 80 Collins Street, Melbourne, VIC 3000",DOM,MM1099.2,45 Days EOM
CYP-ARD,CYP Design & Construction JV - Arden,,CYP Design & Construction JV,"Level 10, 80 Collins Street, Melbourne, VIC 3000",ARD,MM1099.2,45 Days EOM
CYP-CBD,CYP Design & Construction JV - CBD,,CYP Design & Construction JV,"Level 10, 80 Collins Street, Melbourne, VIC 3000",CBD,MM1099.2,45 Days EOM
CYP-PAR,CYP Design & Construction JV - Parkville,,CYP Design & Construction JV,"Level 10, 80 Collins Street, Melbourne, VIC 3000",PAR,MM1099.2,45 Days EOM
CYP-RTF,CYP Design & Construction JV - RTF,,CYP Design & Construction JV,"Level 10, 80 Collins Street, Melbourne, VIC 3000",RTF,MM1099.2,45 Days EOM
,Cobar Management Pty Ltd,,Cobar Management Pty Ltd,,NULL,,
,CBGU D&C JV:Roma Street,,CBGU D&C JV,,NULL,,
,CBGU D&C JV:Albert St,,CBGU D&C JV,,NULL,,
,CBGU D&C JV:Woolloongabba,,CBGU D&C JV,"Level 3 North Tower, 339 Coronation Drive, Milton, QLD 4064 ",NULL,Q80370‐PW‐LH‐30020‐2000,25 Business Days from
,CBGU D&C JV: Southern Portal,,CBGU D&C JV,,NULL,,
,CBGU D&C JV:Boggo Road,,CBGU D&C JV,,NULL,,
,CBGU D&C JV: Northern Portal,,CBGU D&C JV,,NULL,,
,John Holland Pty Ltd - M7-M12 Integration Project,,John Holland Pty Ltd - M7-M12 Integration Project,,NULL,,
,John Holland Pty Ltd,,John Holland Pty Ltd,,NULL,,
,Future Generation JV,,Future Generation JV,,NULL,,
,Future Generation JV,,Future Generation JV,,NULL,,
,Future Generation JV,,Future Generation JV,,NULL,,
,Gamuda (Australia),,Gamuda (Australia),,NULL,,
,CPB Contractors Pty Ltd and Ghella Pty Ltd,,CPB Contractors Pty Ltd and Ghella Pty Ltd,,NULL,,
,CPB Contractors Pty Ltd and Ghella Pty Ltd,,CPB Contractors Pty Ltd and Ghella Pty Ltd,,NULL,,
,CPB Contractors Pty Ltd and Ghella Pty Ltd,,CPB Contractors Pty Ltd and Ghella Pty Ltd,,NULL,,
,JCG JV,,JCG JV,,NULL,,
,JCG JV,,JCG JV,,NULL,,
,JCG JV,,JCG JV,,NULL,,
,MDJH JV,,MDJH JV,"Level 3, 109 Burwood Road, Hawthorn, VIC 3122",NULL,7865-PK0008c,25 Days EOM
,,,,,NULL,,
,,,,,NULL,,